<?xml version="1.0" encoding="UTF-8"?>
<project-private xmlns="http://www.netbeans.org/ns/project-private/1">
    <editor-bookmarks xmlns="http://www.netbeans.org/ns/editor-bookmarks/2" lastBookmarkId="0"/>
    <open-files xmlns="http://www.netbeans.org/ns/projectui-open-files/2">
        <group>
            <file>file:/home/andrio/NetBeansProjects/SistemaConsulta/test/sistemaconsulta/GerenciaPacientesTest_Ex2.java</file>
            <file>file:/home/andrio/NetBeansProjects/SistemaConsulta/test/sistemaconsulta/GerenciaPacientesTest_Ex5.java</file>
            <file>file:/home/andrio/NetBeansProjects/SistemaConsulta/src/sistemaconsulta/Main.java</file>
            <file>file:/home/andrio/NetBeansProjects/SistemaConsulta/test/sistemaconsulta/GerenciaPacientesTest_Ex4.java</file>
            <file>file:/home/andrio/NetBeansProjects/SistemaConsulta/src/sistemaconsulta/Paciente.java</file>
            <file>file:/home/andrio/NetBeansProjects/SistemaConsulta/test/sistemaconsulta/GerenciaPacientesTest_Ex6.java</file>
            <file>file:/home/andrio/NetBeansProjects/SistemaConsulta/test/sistemaconsulta/GerenciaPacientesTest_Ex1.java</file>
            <file>file:/home/andrio/NetBeansProjects/SistemaConsulta/test/sistemaconsulta/GerenciaPacientesTest_Ex3.java</file>
        </group>
    </open-files>
</project-private>
